"carat","cut","color","clarity","depth","table","price","x","y","z"
2,"Premium","J","I1",61.5,59,5051,8.11,8.06,4.97
2.06,"Premium","J","I1",61.2,58,5203,8.1,8.07,4.95
2.08,"Premium","H","I1",61.7,57,6150,8.23,8.18,5.06
2,"Premium","H","I1",59.7,62,6344,8.19,8.02,4.85
2.15,"Premium","H","I1",62.9,57,6357,8.25,8.2,5.18
2.03,"Premium","G","I1",61.1,58,6377,8.11,8.06,4.94
2.21,"Premium","H","I1",62.2,58,6535,8.31,8.27,5.16
2.3,"Premium","G","I1",60.2,59,7226,8.71,8.56,5.19
2.04,"Premium","I","I1",61.1,61,7403,8.25,8.12,5
2.03,"Premium","H","I1",59.4,59,7421,8.31,8.22,4.91
2.12,"Premium","G","I1",60,58,7508,8.39,8.28,4.99
3.01,"Premium","I","I1",62.7,58,8040,9.1,8.97,5.67
2.33,"Premium","H","I1",60.7,58,8220,8.64,8.56,5.22
2.04,"Premium","I","I1",59.3,61,8408,8.3,8.25,4.91
2.68,"Premium","G","I1",58.6,60,8419,9.11,9.07,5.33
2.5,"Premium","H","I1",59.9,60,8467,8.75,8.67,5.22
2.34,"Premium","I","I1",61.5,60,8491,8.47,8.43,5.2
2.02,"Premium","J","SI2",63,58,8640,8.07,8.02,5.07
2.17,"Premium","F","I1",60.7,59,9078,8.43,8.35,5.09
2,"Premium","J","VS1",63,58,9296,8.04,7.99,5.05
2.03,"Premium","J","SI2",60.4,59,9435,8.15,8.12,4.91
2.01,"Premium","I","SI2",62.5,60,9658,8.04,7.95,5
2.01,"Premium","I","SI2",62.1,60,9658,8.1,8.03,5.01
2.01,"Premium","I","SI2",63,59,9658,8.04,7.97,5.04
2.43,"Premium","G","I1",61.7,60,9716,8.54,8.49,5.25
2.04,"Premium","G","I1",62.4,58,9727,8.08,8.17,5.07
2.02,"Premium","J","SI2",59.7,56,9728,8.18,8.13,4.87
2.01,"Premium","J","SI1",61.7,60,9793,8.12,8.09,5
2.05,"Premium","I","SI2",62.1,59,9850,8.13,8.07,5.03
2.05,"Premium","I","SI2",62,58,9850,8.13,8.08,5.02
2.05,"Premium","I","SI2",62,58,9850,8.13,8.08,5.02
2.04,"Premium","G","I1",62.4,58,9905,8.17,8.08,5.07
3.01,"Premium","F","I1",62.2,56,9925,9.24,9.13,5.73
2.06,"Premium","F","I1",58.7,61,9967,8.33,8.31,4.88
2.09,"Premium","I","SI2",60.1,59,10042,8.34,8.3,5
2.19,"Premium","J","SI2",58.8,58,10179,8.57,8.53,5.03
2.09,"Premium","H","SI2",61,60,10182,8.28,8.19,5.02
2.14,"Premium","J","SI2",58.4,58,10306,8.52,8.5,4.97
2.01,"Premium","J","VS2",58.6,61,10401,8.18,8.14,4.78
2.01,"Premium","J","SI1",59.8,57,10412,8.17,8.13,4.87
2.77,"Premium","H","I1",62.6,62,10424,8.93,8.83,5.56
3.05,"Premium","E","I1",60.9,58,10453,9.26,9.25,5.66
2.46,"Premium","E","SI2",59.7,59,10470,8.82,8.76,5.25
2,"Premium","I","SI2",62.3,57,10528,8.12,8.05,5.03
2.01,"Premium","I","SI2",62.7,58,10558,8.02,7.97,5.01
2.63,"Premium","J","I1",62.3,61,10628,8.81,8.76,5.47
2.38,"Premium","J","SI2",60.6,59,10716,8.66,8.63,5.24
2,"Premium","G","SI2",60.7,60,10833,8.13,8.07,4.92
2,"Premium","G","SI2",60.7,60,10833,8.13,8.07,4.92
2.03,"Premium","H","SI2",58.1,59,10879,8.36,8.31,4.86
2.24,"Premium","H","SI2",61.8,58,10913,8.41,8.34,5.18
2.32,"Premium","I","SI2",62.1,58,10913,8.47,8.43,5.25
2,"Premium","I","SI2",60,58,10976,8.23,8.17,4.92
2.3,"Premium","I","SI2",61.3,58,11051,8.53,8.46,5.21
2.02,"Premium","I","VS2",61.2,60,11059,8.22,8.13,5
2.07,"Premium","H","SI2",59.6,60,11094,8.3,8.24,4.93
2,"Premium","J","SI2",60.9,54,11106,8.17,8.12,4.96
2,"Premium","H","SI2",61.4,59,11108,8.07,8,4.93
2.25,"Premium","I","SI2",61.9,59,11114,8.42,8.35,5.19
2.02,"Premium","I","SI1",62.1,58,11119,8.1,8.04,5.01
2.2,"Premium","H","SI2",58.2,59,11147,8.52,8.47,4.94
2.02,"Premium","J","SI2",62.1,60,11165,7.98,8.09,4.99
2.01,"Premium","J","SI1",60.3,56,11188,8.02,7.96,4.82
2.06,"Premium","I","SI2",62.2,60,11190,8.14,8.1,5.05
2,"Premium","F","SI2",60.6,62,11198,8.19,7.84,4.86
2,"Premium","H","SI1",61.7,58,11200,7.82,7.77,4.81
2,"Premium","H","SI2",62.1,60,11202,8.1,8.01,5.3
2.04,"Premium","J","VS2",60.9,59,11209,8.25,8.21,5.01
2.26,"Premium","H","SI2",61.9,58,11226,8.37,8.33,5.17
2.01,"Premium","I","SI2",63,56,11312,8.05,7.96,5.05
2,"Premium","G","SI2",61.7,60,11355,7.95,7.9,4.89
2,"Premium","F","SI2",61.5,59,11413,8.03,7.95,4.92
2.02,"Premium","J","SI2",62.7,60,11463,7.98,8.1,5.04
2.16,"Premium","H","SI2",62.3,57,11473,8.29,8.22,5.14
2,"Premium","G","SI2",61.4,59,11544,8.14,8.06,4.97
2.18,"Premium","H","SI2",62.3,59,11579,8.37,8.26,5.18
2.01,"Premium","H","SI2",61.5,59,11635,8.12,8.08,4.98
2.33,"Premium","J","SI1",61.1,58,11638,8.6,8.56,5.24
2.01,"Premium","H","SI2",61.9,59,11646,8.13,7.97,4.98
2.01,"Premium","I","SI1",61.3,60,11646,8.09,8.05,4.95
2.01,"Premium","H","SI2",61.8,62,11646,8.05,7.97,4.95
2.11,"Premium","J","SI2",62,60,11663,8.19,8.24,5.09
2,"Premium","J","VS1",62,62,11793,8.02,7.91,4.94
2.04,"Premium","H","SI2",58,58,11820,8.45,8.36,4.88
2.01,"Premium","H","SI2",62.5,62,11825,8.09,8.04,5.04
2.08,"Premium","H","SI2",60,60,11851,8.31,8.28,4.98
2,"Premium","J","SI2",61.9,55,11899,8.09,8.06,5
2,"Premium","J","SI2",59.8,60,11899,8.13,8.09,4.85
2.01,"Premium","F","SI2",62,60,11903,7.88,7.82,4.87
2.02,"Premium","F","SI2",61,59,11962,8.2,8.13,4.98
2,"Premium","J","VS2",62.9,60,11966,7.99,7.95,5.01
2.24,"Premium","J","VS1",60.9,58,11970,8.46,8.41,5.14
2,"Premium","H","SI2",62.8,57,11975,8.05,8.01,5.04
2.15,"Premium","G","SI2",61.2,58,11985,8.42,8.3,5.1
2.03,"Premium","F","SI2",60.9,59,12021,8.15,8.11,4.95
2.01,"Premium","J","SI2",60.8,58,12048,8.19,8.13,4.96
2.01,"Premium","J","SI1",60.9,58,12048,8.15,8.07,4.94
2.01,"Premium","J","SI1",62.3,59,12048,8.03,7.97,4.98
2.09,"Premium","H","SI1",60.5,61,12063,8.32,8.25,5.01
2.5,"Premium","H","SI2",62.7,59,12071,8.65,8.61,5.41
2.03,"Premium","J","SI2",60.9,60,12078,8.21,8.1,4.97
2.03,"Premium","J","SI2",61.7,61,12078,8.18,8.04,5
2.01,"Premium","J","SI2",62.4,59,12105,8.05,8.1,5.04
2.02,"Premium","D","SI2",61.1,57,12108,8.12,8.05,4.94
2.12,"Premium","J","SI2",62.3,61,12140,8.21,8.16,5.1
2,"Premium","H","SI2",62.7,58,12168,8.06,8.01,5.04
2.01,"Premium","I","SI2",62.3,59,12182,8.01,7.97,4.98
2.01,"Premium","J","SI1",60.7,61,12209,8.15,8.1,4.93
2,"Premium","H","SI2",58.9,57,12210,8.09,58.9,8.06
2.01,"Premium","G","SI2",60.8,61,12260,8.14,8.07,4.93
2.03,"Premium","J","SI2",61.6,58,12268,8.12,8.15,5.01
2.03,"Premium","J","SI2",62.7,59,12268,8.02,8.08,5.05
2.31,"Premium","H","SI2",62.1,58,12269,8.55,8.47,5.29
2.01,"Premium","H","SI1",60,60,12271,8.16,8.13,4.89
3.24,"Premium","H","I1",62.1,58,12300,9.44,9.4,5.85
2,"Premium","J","SI1",62.2,59,12308,7.97,7.92,4.94
2.1,"Premium","J","SI2",62,62,12308,8.23,8.17,5.08
2.17,"Premium","G","SI2",62.2,62,12321,8.32,8.24,5.15
2.21,"Premium","J","SI2",60.6,62,12327,8.45,8.37,5.1
2.01,"Premium","I","SI2",62,56,12338,8.01,7.87,4.92
2.01,"Premium","I","SI2",62,56,12338,8.01,7.87,4.92
2.04,"Premium","H","SI1",62.2,60,12341,8.07,8,5
2.38,"Premium","J","SI1",62.4,58,12364,8.54,8.46,5.31
2.01,"Premium","J","SI1",60.5,59,12369,8.12,8.01,4.88
2.01,"Premium","J","SI1",59.3,62,12369,8.2,8.15,4.85
2.09,"Premium","F","SI2",61.3,59,12377,8.19,8.15,5.01
2.09,"Premium","F","SI2",61.2,57,12377,8.26,8.21,5.04
2.03,"Premium","J","SI2",62.7,59,12380,8.08,8.02,5.05
2.03,"Premium","J","SI2",61.6,58,12380,8.15,8.12,5.01
2,"Premium","G","SI2",60.3,57,12388,8.25,8.06,4.92
2.1,"Premium","J","VS2",58.3,54,12401,8.49,8.45,4.94
2.01,"Premium","J","SI2",62,59,12403,8.04,8.1,5
2.01,"Premium","J","SI2",62.8,58,12407,8.09,8,5.05
2.01,"Premium","J","SI2",61.4,60,12407,8.14,8.07,4.98
2.01,"Premium","H","SI2",60.8,59,12423,8.08,8,4.89
2.02,"Premium","J","SI1",61.6,58,12431,8.14,8.1,5
2.11,"Premium","J","SI2",61,58,12440,8.2,8.29,5.03
2.11,"Premium","J","SI2",60.7,60,12440,8.2,8.27,5
2.08,"Premium","H","SI2",59.7,59,12454,8.38,8.29,4.98
2.04,"Premium","H","SI1",60.6,61,12454,8.15,8.09,4.92
2.15,"Premium","H","SI2",62.2,56,12458,8.29,8.2,5.13
2.03,"Premium","J","SI1",60.1,58,12492,8.26,8.21,4.95
2.1,"Premium","J","SI2",59.1,58,12494,8.46,8.4,4.98
2.3,"Premium","J","SI1",59.6,59,12499,8.61,8.56,5.12
2,"Premium","G","SI2",59.1,59,12521,8.2,8.14,4.83
2.03,"Premium","J","SI2",62.7,59,12531,8.08,8.02,5.05
2.01,"Premium","J","VS2",61.8,61,12541,8.06,7.97,4.95
2.11,"Premium","J","SI2",60.7,60,12554,8.27,8.2,5
2.11,"Premium","J","SI2",61,58,12554,8.29,8.2,5.03
2,"Premium","D","SI2",59.3,62,12576,8.12,8.06,4.8
2.01,"Premium","I","SI1",61,60,12617,8.16,8.11,4.96
2.18,"Premium","H","SI2",59.4,61,12631,8.49,8.45,0
2.11,"Premium","H","SI2",60.9,59,12633,8.3,8.25,5.04
2.08,"Premium","H","SI2",62.8,60,12655,8.12,8.03,5.07
2.06,"Premium","H","SI2",62.6,58,12677,8.06,8.03,5.04
2.02,"Premium","H","SI2",61.7,61,12680,8.14,8.08,5.01
2.01,"Premium","J","SI1",60.5,59,12690,8.12,8.01,4.88
2.12,"Premium","H","SI2",62.3,58,12693,8.25,8.16,5.12
2.2,"Premium","H","SI2",61.5,58,12747,8.44,8.38,5.18
2.13,"Premium","H","SI2",62.4,56,12753,8.26,8.19,5.13
2.05,"Premium","I","VS1",60.3,59,12766,8.25,8.21,4.96
2.23,"Premium","J","SI2",60.5,61,12770,8.47,8.4,5.1
2.14,"Premium","G","SI2",60.1,58,12792,8.4,8.35,5.03
2.04,"Premium","G","SI2",61.3,60,12794,8.18,8.13,5
2.01,"Premium","I","SI1",60.5,58,12829,8.2,8.06,4.92
2.01,"Premium","H","SI1",61.2,62,12829,8.18,8.12,4.99
2.02,"Premium","J","VS2",61.1,58,12832,8.04,8.1,4.93
2.06,"Premium","I","SI2",61.1,57,12842,8.3,8.24,5.05
2.03,"Premium","I","SI1",59.8,59,12844,8.29,8.24,4.94
2.05,"Premium","G","SI2",62.1,56,12857,8.18,8.1,5.04
2.03,"Premium","J","SI1",62.1,59,12862,8.06,8.12,5.02
2.08,"Premium","G","SI2",62.2,60,12883,8.16,8.09,5.06
2.05,"Premium","D","SI2",60,58,12891,8.31,8.23,4.96
2.01,"Premium","E","SI1",60.4,61,12898,8.05,7.98,4.84
2.23,"Premium","H","SI2",59.4,59,12921,8.6,8.54,5.09
2.06,"Premium","H","SI2",62.6,58,12931,8.06,8.03,5.04
2,"Premium","H","SI2",62.5,58,12940,8.14,8.03,5.05
2.01,"Premium","J","VS1",60.2,61,12963,8.23,8.16,4.93
2.18,"Premium","J","SI2",62.6,58,12970,8.25,8.23,5.16
2.14,"Premium","I","SI2",62.1,58,12970,8.31,8.23,5.13
2.03,"Premium","J","SI1",62.1,59,12979,8.12,8.06,5.02
2.13,"Premium","I","SI2",59.8,58,12980,8.43,8.37,5.02
2,"Premium","E","SI2",60.3,58,12987,8.15,8.08,4.89
2.01,"Premium","I","VS2",59.5,60,13003,8.26,8.21,4.9
2,"Premium","G","SI2",60.8,55,13007,8.09,7.95,4.88
2.44,"Premium","I","SI2",61.4,56,13027,8.74,8.7,5.35
2.11,"Premium","J","VS2",59.9,60,13046,8.36,8.41,5.02
2.01,"Premium","I","SI2",58.2,61,13052,8.24,8.2,4.78
2.2,"Premium","J","SI2",60.9,60,13065,8.42,8.34,5.1
2.02,"Premium","I","VS2",59.2,58,13068,8.29,8.25,4.89
2.23,"Premium","J","SI1",62.1,59,13069,8.29,8.33,5.16
2.11,"Premium","G","SI2",61.4,62,13069,8.25,8.21,5.05
2.17,"Premium","F","SI2",59.3,61,13084,8.6,8.53,5.08
2.09,"Premium","J","SI2",60,60,13092,8.32,8.37,5.01
2,"Premium","D","SI2",61.9,59,13098,8.02,8,4.98
2.02,"Premium","I","SI2",58,58,13117,8.34,8.25,4.81
2.02,"Premium","I","SI2",61.2,58,13117,8.11,8.04,4.94
2.09,"Premium","H","SI2",60.9,58,13119,8.23,8.2,5
2.01,"Premium","J","SI2",60.8,57.2,13133,8.13,8.15,4.95
2,"Premium","H","SI2",61.5,61,13134,8.13,8.1,4.99
2.13,"Premium","J","SI2",62.6,58,13148,8.21,8.18,5.13
2,"Premium","J","VS2",60.8,62,13162,8.12,8.09,4.93
2.03,"Premium","I","SI2",63,56,13182,8.12,8.05,5.09
2.03,"Premium","I","SI2",62.8,59,13182,8.08,8.04,5.06
2.06,"Premium","I","SI2",62.7,60,13198,8.11,8.06,5.07
2.01,"Premium","H","SI2",61.9,57,13199,8.13,7.96,4.98
3,"Premium","G","I1",59.7,60,13203,9.42,9.26,5.58
2.14,"Premium","J","SI2",61.5,59,13205,8.25,8.3,5.11
2.09,"Premium","J","SI2",60,60,13212,8.37,8.32,5.01
2.01,"Premium","J","SI1",63,57,13219,8.07,8,5.06
2.01,"Premium","J","VS2",61.5,60,13228,8.13,8.07,4.98
2.01,"Premium","J","VS2",61.1,59,13228,8.07,8.04,4.92
2.03,"Premium","D","SI2",61.7,58,13229,8.14,8.1,5.01
2.02,"Premium","H","SI1",61.4,61,13229,8.09,8.03,4.95
2.11,"Premium","H","SI2",61,58,13233,8.31,8.27,5.06
2.17,"Premium","H","SI1",62.3,58,13248,8.29,8.25,5.15
2.18,"Premium","I","SI1",63,58,13263,8.23,8.17,5.22
2.02,"Premium","F","SI2",61.3,58,13267,8.09,8.05,4.95
2.12,"Premium","H","SI2",61.5,59,13307,8.26,8.21,5.06
2.06,"Premium","G","SI1",59.3,61,13317,8.44,8.36,4.98
2.15,"Premium","G","SI2",59.7,60,13317,8.4,8.37,5.01
2.14,"Premium","J","SI2",61.5,59,13326,8.3,8.25,5.11
2.01,"Premium","H","VS2",62.8,58,13342,7.99,7.9,4.99
2.19,"Premium","J","SI2",61.8,60,13355,8.35,8.25,5.13
2.21,"Premium","H","SI2",62.9,60,13369,8.27,8.23,5.19
2.13,"Premium","I","SI1",62.5,60,13370,8.18,8.13,5.1
2.01,"Premium","H","SI1",60.6,59,13387,8.23,8.17,4.97
2.01,"Premium","E","SI2",62.2,60,13387,8.02,7.96,4.97
2.17,"Premium","J","SI2",62.3,60,13395,8.33,8.2,5.15
2.01,"Premium","J","VS2",60.5,60,13400,8.13,8.09,4.91
2.01,"Premium","I","SI2",60,61,13400,8.13,8.08,4.86
2,"Premium","G","SI2",62.9,58,13420,7.98,7.92,5
2.14,"Premium","H","SI2",61.2,57,13421,8.36,8.32,5.1
2.08,"Premium","F","SI2",62,60,13437,8.15,8.1,5.04
2.02,"Premium","H","SI1",63,60,13453,7.85,7.79,4.93
2.12,"Premium","H","SI2",61.5,59,13460,8.26,8.21,5.06
2.04,"Premium","J","VS2",61.4,59,13477,8.04,8.14,4.97
2.14,"Premium","G","SI2",60.7,59,13540,8.37,8.31,5.06
2.05,"Premium","J","VS2",62.3,60,13543,8.09,8.15,5.06
2,"Premium","J","VS2",61.5,59,13552,8.06,8.11,4.97
2.22,"Premium","F","SI2",59.2,59,13553,8.54,8.46,5.03
2.17,"Premium","J","SI2",62.3,58,13556,8.31,8.26,5.16
2.3,"Premium","J","SI2",59.7,58,13560,8.63,8.68,5.17
2.41,"Premium","I","SI2",60.7,59,13563,8.7,8.64,5.26
2.01,"Premium","J","VS2",61.5,60,13572,8.13,8.07,4.98
2.01,"Premium","I","SI2",59.2,60,13574,8.31,8.27,4.91
2.11,"Premium","G","SI2",62.2,58,13598,8.19,8.23,5.11
2.01,"Premium","H","VS2",62.6,59,13599,8.02,7.88,4.98
2.04,"Premium","J","VS2",61.4,59,13600,8.14,8.04,4.97
2.01,"Premium","F","SI2",58.4,59,13610,8.26,8.24,4.82
2.01,"Premium","J","VS2",60.4,59,13619,8.1,8.15,4.91
2.21,"Premium","J","SI2",62.7,57,13642,8.33,8.25,5.2
2.02,"Premium","I","SI2",61.4,57,13642,8.18,8.08,4.99
2.05,"Premium","J","VS2",62.3,60,13667,8.15,8.09,5.06
2.07,"Premium","J","VS2",61.5,59,13675,8.16,8.2,5.03
2,"Premium","J","VS2",61.5,59,13675,8.11,8.06,4.97
2.02,"Premium","E","SI2",59.9,58,13677,8.18,8.14,4.89
2.02,"Premium","J","VS2",62,59,13687,8.06,8.08,5
2.11,"Premium","I","SI2",62.3,56,13701,8.23,8.13,5.1
2.22,"Premium","J","SI2",61.8,58,13703,8.42,8.31,5.17
2.29,"Premium","G","SI2",60.1,58,13711,8.63,8.58,5.17
2.2,"Premium","I","SI2",61.8,54,13719,8.45,8.4,5.2
2.07,"Premium","J","SI1",61.7,60,13731,8.23,8.15,5.05
2.04,"Premium","J","VS2",63,58,13734,8.02,7.99,5.04
2.01,"Premium","J","VS2",60.4,59,13744,8.15,8.1,4.91
2.15,"Premium","J","SI1",62.4,60,13746,8.24,8.18,5.12
2.1,"Premium","I","VS2",59.2,60,13753,8.38,8.35,4.95
2.01,"Premium","I","SI1",58.9,59,13755,8.26,8.22,4.85
2.13,"Premium","F","SI2",62.4,58,13760,8.22,8.16,5.11
2.05,"Premium","G","SI1",62.2,56,13767,8.19,8.08,5.06
2.07,"Premium","E","SI2",61.4,58,13786,8.24,8.19,5.04
2.07,"Premium","E","SI2",58.9,61,13786,8.45,8.35,4.95
2.07,"Premium","H","SI1",62,58,13786,8.17,8.09,5.04
2.04,"Premium","H","SI2",62.8,57,13790,8.13,8.08,5.09
2.07,"Premium","J","VS2",61.5,59,13800,8.2,8.16,5.03
2.01,"Premium","D","SI2",59.1,60,13811,8.31,8.21,4.88
2.02,"Premium","J","VS2",62,59,13812,8.08,8.06,5
2,"Premium","I","SI2",60.7,61,13820,8.09,8.03,4.89
2.24,"Premium","J","SI2",62.2,59,13827,8.37,8.33,5.19
2.31,"Premium","H","SI2",59.2,61,13831,8.65,8.57,5.1
2.01,"Premium","I","SI2",62.6,56,13833,8.1,8,5.04
2.07,"Premium","H","SI1",61.1,58,13844,8.27,8.2,5.03
2.02,"Premium","H","SI2",62.6,59,13850,8.03,7.97,5.01
2.09,"Premium","J","SI1",62.2,59,13864,8.23,8.16,5.1
2.21,"Premium","H","SI2",59,59,13872,8.51,8.46,5.01
2.12,"Premium","E","SI2",62.4,58,13884,8.22,8.18,5.12
2.26,"Premium","H","SI2",61.1,57,13885,8.45,8.4,5.15
2.06,"Premium","G","SI2",60.7,58,13908,8.18,8.25,4.99
2.06,"Premium","I","SI2",61,61,13912,8.18,8.1,5.02
2.28,"Premium","H","SI1",59.3,58,13919,8.6,8.56,5.09
2.1,"Premium","J","SI1",62.9,58,13930,8.15,8.09,5.11
2.23,"Premium","J","SI2",61.3,60,13931,8.4,8.35,5.13
2.18,"Premium","J","SI1",62.9,59,13938,8.25,8.21,5.18
2.21,"Premium","H","SI1",61.1,58,13983,8.39,8.34,5.11
2,"Premium","H","SI1",59.8,60,13986,8.04,8.01,4.8
2,"Premium","G","SI2",61.1,60,13986,8.1,8.03,4.93
2.02,"Premium","I","SI2",61.1,61,13991,8.11,8.08,4.95
2.02,"Premium","I","SI2",62.9,60,13991,8.05,8.01,5.05
2.07,"Premium","H","SI1",62.7,58,13993,8.14,8.09,5.09
2.11,"Premium","J","SI1",62.4,58,13996,8.27,8.17,5.13
2.09,"Premium","G","SI2",59.8,59,14024,8.37,8.32,4.99
2.21,"Premium","H","SI2",61.3,60,14032,8.35,8.33,5.11
2.3,"Premium","H","SI2",60.6,59,14042,8.4,8.37,5.08
2.3,"Premium","H","SI2",60.6,59,14042,8.4,8.37,5.08
2.08,"Premium","I","SI2",60.8,61,14047,8.24,8.21,5
2.01,"Premium","F","SI2",61.3,58,14067,8.14,8.07,4.97
2.22,"Premium","I","SI1",62.7,58,14095,8.33,8.28,5.21
2.29,"Premium","G","SI2",62.5,59,14108,8.38,8.33,5.22
2,"Premium","H","SI1",59.8,60,14126,8.04,8.01,4.8
2.23,"Premium","J","SI1",62.4,59,14129,8.33,8.36,5.21
2.04,"Premium","H","SI2",62.8,58,14184,8.11,8.06,5.08
2.35,"Premium","I","SI1",61.8,58,14185,8.58,8.44,5.26
2,"Premium","I","SI2",58.6,61,14199,8.28,8.16,4.82
2,"Premium","I","SI2",61.3,59,14208,8.13,8.09,4.97
2.02,"Premium","I","SI2",59.4,59,14211,8.21,8.25,4.89
3.01,"Premium","G","SI2",59.8,58,14220,9.44,9.37,5.62
2.05,"Premium","J","VS1",62.4,58,14224,8.08,8.13,5.06
2.02,"Premium","I","VS1",60.5,62,14238,8.18,8.15,4.94
2.02,"Premium","I","SI1",61.4,58,14240,8.14,8.07,4.98
2.23,"Premium","J","SI1",62.4,59,14258,8.36,8.33,5.21
2.01,"Premium","F","SI2",62.4,58,14279,8.08,8.05,5.03
2.21,"Premium","H","SI2",61.3,60,14299,8.35,8.33,5.11
2,"Premium","H","SI1",63,54,14319,8.07,7.99,5.06
2.16,"Premium","J","SI1",60.5,59,14328,8.41,8.35,5.07
2.02,"Premium","J","VS2",62.1,59,14330,8.08,7.98,4.99
2.02,"Premium","I","SI2",59.4,59,14341,8.25,8.21,4.89
2.02,"Premium","I","SI2",61.7,58,14350,8.07,8,4.96
2.55,"Premium","I","SI2",62.9,58,14351,8.7,8.59,5.44
2.1,"Premium","J","VS2",61.3,59,14359,8.27,8.21,5.05
2.27,"Premium","I","SI1",61,58,14362,8.42,8.4,5.19
2.01,"Premium","H","SI2",62,60,14364,8.11,8.04,5.02
2.1,"Premium","I","VS2",60.7,61,14394,8.28,8.27,5.02
2.35,"Premium","J","VS1",60.7,60,14399,8.64,8.6,5.23
2,"Premium","D","SI2",61,58,14406,8.06,7.97,4.89
2.05,"Premium","J","VS1",60.1,58,14411,8.19,8.25,4.94
2.01,"Premium","I","SI2",62.1,56,14428,8.11,8.06,5.02
2.01,"Premium","I","SI2",62.9,58,14444,8.05,8,5.05
2.17,"Premium","H","SI1",59.9,61,14452,8.39,8.38,5.02
2.08,"Premium","H","SI2",58.8,60,14462,8.39,8.35,4.92
2.07,"Premium","H","SI1",61.2,60,14476,8.2,8.12,4.99
2.06,"Premium","I","SI1",60.9,61,14488,8.32,8.16,4.99
2.14,"Premium","H","SI1",62.3,58,14490,8.28,8.22,5.14
2.01,"Premium","F","SI1",59.5,58,14502,8.21,8.18,4.88
2.01,"Premium","H","SI1",60.2,58,14502,8.06,8.03,4.84
2.01,"Premium","E","SI2",62.6,58,14502,8.01,7.93,4.99
2.51,"Premium","H","SI2",59.3,61,14543,8.81,8.77,5.21
2.51,"Premium","H","SI2",60.6,61,14543,8.88,8.68,5.29
2.01,"Premium","H","SI2",62.3,60,14558,7.97,7.95,4.96
2.01,"Premium","I","SI1",60.1,59,14558,8.24,8.19,4.94
2.02,"Premium","E","SI2",60.4,57,14574,8.21,8.18,4.95
2.02,"Premium","H","SI1",62.2,59,14574,8.09,8.05,5.02
2.09,"Premium","H","SI2",61.4,60,14581,8.24,8.2,5.05
2.03,"Premium","J","VS1",59.3,60,14588,8.36,8.28,4.93
2.04,"Premium","I","SI2",59.8,59,14605,8.3,8.23,4.94
2.11,"Premium","I","SI2",58.4,62,14615,8.43,8.39,4.91
2.06,"Premium","E","SI2",58.8,58,14634,8.42,8.35,4.93
2.38,"Premium","G","SI2",62.4,58,14648,8.59,8.47,5.32
2.53,"Premium","H","SI2",62.6,60,14659,8.66,8.55,5.39
2.04,"Premium","J","VS1",62.6,58,14660,8.11,8.06,5.06
2.04,"Premium","I","SI2",60.3,60,14660,8.26,8.19,4.96
2.22,"Premium","I","VS2",60.5,59,14662,8.41,8.37,5.08
2.32,"Premium","J","SI2",62.5,58,14666,8.47,8.43,5.28
2.32,"Premium","J","SI2",59,59,14666,8.69,8.64,5.11
2.33,"Premium","J","SI1",59.9,59,14711,8.7,8.65,5.2
2.54,"Premium","H","SI2",61.3,58,14717,8.8,8.7,5.36
2.43,"Premium","I","SI2",62.2,60,14727,8.59,8.53,5.33
2.01,"Premium","I","SI1",60.1,59,14752,8.21,8.15,4.92
2,"Premium","I","VS2",58.5,61,14763,8.28,8.19,4.82
2.04,"Premium","I","SI1",58.8,60,14775,8.42,8.32,4.92
2.02,"Premium","F","SI2",61.5,60,14790,8.15,8.05,4.98
2.06,"Premium","I","SI2",61.8,58,14803,8.22,8.11,5.05
2.37,"Premium","I","VS2",61.6,56,14837,8.7,8.6,5.33
2.06,"Premium","H","SI1",62.4,59,14863,8.11,8.07,5.05
2.23,"Premium","J","VS2",61,58,14867,8.39,8.36,5.11
2.04,"Premium","H","SI1",58,59,14888,8.4,8.27,4.83
2.04,"Premium","G","SI2",62.1,59,14900,8.14,8.06,5.03
2,"Premium","G","SI1",59.3,60,14918,8.19,8.13,4.84
2,"Premium","G","SI1",59,62,14918,6.16,6.15,4.82
2.08,"Premium","J","VS2",60.3,59,14933,8.29,8.23,4.98
2.27,"Premium","I","SI2",62.5,59,14937,8.45,8.39,5.26
2.01,"Premium","G","SI2",59.4,62,14939,8.27,8.22,4.9
2.04,"Premium","H","SI2",60.8,58,14945,8.23,8.14,4.98
2.08,"Premium","I","SI2",62.3,58,14947,8.18,8.13,5.08
2.01,"Premium","E","SI2",61.2,58,14948,8.07,8.05,4.93
2.47,"Premium","I","SI2",62.5,56,14970,8.65,8.6,5.39
2.05,"Premium","J","VS1",62.5,60,14973,8.09,8.14,5.07
2.06,"Premium","I","SI2",61,59,14982,8.24,8.21,5.02
2.06,"Premium","I","SI2",60.1,58,14982,8.32,8.26,4.98
2.1,"Premium","I","SI1",61.5,57,15007,8.25,8.21,5.06
2.02,"Premium","G","SI2",63,59,15014,8.05,7.95,5.03
2.8,"Premium","I","SI2",61.1,59,15030,9.03,8.98,5.5
2.19,"Premium","I","SI2",60.8,60,15032,8.34,8.38,5.08
2.09,"Premium","J","VS1",61.2,59,15035,8.22,8.31,5.06
2.07,"Premium","I","SI2",60.5,60,15055,8.32,8.27,5.02
2.2,"Premium","J","VS1",61.7,59,15064,8.3,8.34,5.13
2.08,"Premium","I","SI1",60.3,59,15065,8.26,8.22,4.97
2.05,"Premium","J","VS1",60.1,58,15067,8.25,8.19,4.94
2.03,"Premium","I","SI1",59.9,58,15095,8.23,8.21,4.92
2,"Premium","H","SI1",62,56,15096,8.05,7.94,4.96
2.12,"Premium","I","SI2",60.6,59,15097,8.27,8.3,5.02
2.01,"Premium","G","SI1",61.8,59,15105,8.15,8.09,5.02
2.05,"Premium","J","VS1",62.5,60,15109,8.14,8.09,5.07
2.13,"Premium","J","VS2",59.6,59,15110,8.43,8.37,5.01
2.01,"Premium","F","SI1",63,59,15134,7.99,7.89,5
2.01,"Premium","G","SI2",62.3,60,15147,8.04,7.97,4.99
2.53,"Premium","H","SI2",61.1,57,15148,8.82,8.76,5.37
2.19,"Premium","I","SI2",60.8,60,15169,8.38,8.34,5.08
2.19,"Premium","I","SI2",62.5,58,15169,8.31,8.26,5.18
2.1,"Premium","G","SI2",62.6,56,15175,8.2,8.16,5.12
2.22,"Premium","I","SI2",62.9,59,15184,8.24,8.2,5.17
2.01,"Premium","J","VS1",60.1,59,15185,8.25,8.18,4.94
2.11,"Premium","D","SI2",58.7,60,15198,8.45,8.41,4.95
2.2,"Premium","J","VS1",61.7,59,15201,8.34,8.3,5.13
2,"Premium","J","VVS2",63,59,15214,8,7.97,5.03
2.04,"Premium","G","SI1",60.7,62,15217,8.3,8.15,4.96
4.01,"Premium","I","I1",61,61,15223,10.14,10.1,6.17
4.01,"Premium","J","I1",62.5,62,15223,10.02,9.94,6.24
2.12,"Premium","I","SI2",60.6,59,15235,8.3,8.27,5.02
2.2,"Premium","I","SI2",63,59,15238,8.22,8.19,5.17
2.41,"Premium","H","SI2",58.7,61,15248,8.85,8.76,5.17
2.05,"Premium","G","SI1",61.6,59,15291,8.2,8.16,5.04
2.05,"Premium","G","SI1",61.6,59,15291,8.2,8.16,5.04
2,"Premium","H","SI2",60.7,60,15312,8.07,8.11,4.91
2.41,"Premium","J","VS1",61.1,60,15320,8.66,8.6,5.27
2.08,"Premium","I","SI2",61.2,58,15321,8.24,8.16,5.02
2.03,"Premium","G","SI1",61.9,59,15322,8.14,8.09,5.02
2.31,"Premium","J","SI1",61.1,60,15323,8.58,8.51,5.22
2.09,"Premium","I","SI1",60.8,59,15339,8.28,8.24,5.02
2.29,"Premium","G","SI2",62.4,60,15366,8.41,8.36,5.23
2.24,"Premium","I","SI2",61.9,58,15375,8.29,8.36,5.15
2.01,"Premium","I","VS2",62.1,59,15379,7.98,8.06,4.98
2.07,"Premium","I","SI1",59.4,61,15392,8.35,8.31,4.95
2.06,"Premium","I","VS1",58.4,55,15393,8.42,8.35,4.9
2.01,"Premium","H","VS2",62.6,58,15395,8.03,7.94,5
2.25,"Premium","I","SI1",61.3,58,15397,8.52,8.42,0
2.04,"Premium","E","SI2",62.7,60,15398,8.04,8,5.03
2.28,"Premium","H","SI2",62.5,58,15413,8.39,8.33,5.23
2.75,"Premium","H","SI2",60.5,61,15415,8.99,8.97,5.48
2.14,"Premium","I","VS2",59.3,59,15418,8.39,8.43,5
2.26,"Premium","H","SI2",61.3,60,15428,8.5,8.43,5.19
2,"Premium","H","SI2",59.7,61,15451,8.2,8.15,4.88
2,"Premium","H","SI2",60.7,60,15451,8.11,8.07,4.91
2.18,"Premium","J","VS2",60.1,58,15465,8.46,8.41,5.07
2.01,"Premium","I","VS1",61.5,62,15475,8.07,7.94,4.92
2,"Premium","G","SI2",60.1,62,15485,8.07,8,4.83
2.06,"Premium","I","SI1",60.8,60,15494,8.25,8.16,4.99
2.02,"Premium","G","SI2",61,58,15498,8.15,8.22,4.99
2.14,"Premium","I","SI1",59.5,59,15499,8.42,8.36,4.99
2.24,"Premium","I","SI2",61.9,58,15515,8.36,8.29,5.15
2.06,"Premium","I","SI1",61,58,15517,8.24,8.19,5.01
2.01,"Premium","I","VS2",62.1,59,15520,8.06,7.98,4.98
2.01,"Premium","H","VS2",61.1,61,15528,8.14,8.09,4.96
2.01,"Premium","I","SI1",62.4,61,15528,8.01,7.99,4.99
2.01,"Premium","I","SI1",60.9,60,15528,8.1,8.06,4.92
2.04,"Premium","I","SI2",60.2,59,15543,8.28,8.22,4.97
2.14,"Premium","I","VS2",59.3,59,15559,8.43,8.39,5
2.01,"Premium","G","SI2",59.4,58,15562,8.19,8.15,4.85
2.02,"Premium","H","SI2",61.4,59,15606,8.15,8.08,4.98
2.1,"Premium","I","SI1",59.9,61,15615,8.34,8.26,4.97
2.04,"Premium","G","SI2",60.3,59,15651,8.23,8.3,4.98
2.01,"Premium","H","VS2",62.8,59,15651,8.03,7.97,5.02
2,"Premium","I","VS2",59.5,62,15651,8.21,8.13,4.86
2.08,"Premium","I","VVS1",62.2,58,15654,8.22,8.18,5.1
2.01,"Premium","H","SI2",62.2,61,15673,8.08,8.04,5.01
2.03,"Premium","I","SI1",61.4,58,15683,8.13,8.09,4.98
2.01,"Premium","I","SI1",62.4,61,15707,8.01,7.99,4.99
2.06,"Premium","I","SI1",60.8,60,15716,8.25,8.16,4.99
2.15,"Premium","G","SI2",58.9,58,15751,8.46,8.41,4.97
2.11,"Premium","G","SI2",59.1,59,15757,8.33,8.4,4.94
2.04,"Premium","H","SI2",62.7,56,15760,8.12,8.06,5.07
2.01,"Premium","H","SI2",62.3,58,15773,8.06,8.11,5.04
2.27,"Premium","H","SI2",60.7,59,15783,8.5,8.45,5.15
2.19,"Premium","H","SI1",62.3,62,15801,8.27,8.25,5.15
2.02,"Premium","I","VS2",62.9,59,15808,8.03,7.93,5.02
2.34,"Premium","I","SI1",61.7,60,15818,8.59,8.53,5.28
2.1,"Premium","I","SI1",61.5,59,15818,8.28,8.24,5.08
2.01,"Premium","J","VVS1",62.2,58,15836,8.1,7.89,5
2.05,"Premium","I","SI1",61.2,57,15837,8.24,8.21,5.03
2.01,"Premium","F","SI2",59.5,59,15841,8.24,8.15,4.88
2.08,"Premium","E","SI2",62.3,59,15873,8.22,8.16,5.1
2.05,"Premium","I","VS2",62.5,59,15897,8.07,8.12,5.06
2,"Premium","G","SI2",62.1,59,15897,8.12,8.02,5.01
2.2,"Premium","G","SI2",60.4,60,15897,8.44,8.36,5.08
2.01,"Premium","H","VS2",61.1,61,15908,8.14,8.09,4.96
2.14,"Premium","I","SI1",61.3,61,15913,8.32,8.28,5.09
2.14,"Premium","I","SI2",60.1,58,15915,8.41,8.37,5.04
2.01,"Premium","H","SI2",62.3,58,15917,8.11,8.06,5.04
2.39,"Premium","H","SI1",61.8,58,15917,8.57,8.52,5.28
2.01,"Premium","H","SI2",63,59,15917,7.93,7.9,4.99
2.4,"Premium","J","SI1",59.7,58,15920,8.75,8.71,5.21
2.03,"Premium","H","SI2",61.6,58,15930,8.09,8.17,5.01
2.5,"Premium","H","SI2",62.4,59,15934,8.61,8.54,5.35
2.01,"Premium","I","VS2",60.3,62,15939,8.13,8.08,4.89
2.01,"Premium","I","VS2",60.3,62,15939,8.13,8.08,4.89
2.06,"Premium","G","SI2",59.8,61,15949,8.26,8.22,4.93
2.21,"Premium","G","SI2",60.7,62,15970,8.48,8.42,5.13
2.01,"Premium","G","SI2",59.8,58,15977,8.21,8.15,4.89
2,"Premium","H","SI1",60.1,61,15984,8.13,8.1,4.88
2,"Premium","E","SI2",58.1,60,15984,8.32,8.25,4.81
2.02,"Premium","H","VS2",61.3,60,15987,8.16,8.11,4.99
2.3,"Premium","H","SI2",62.7,56,15992,8.46,8.42,5.29
2.07,"Premium","I","SI1",62.3,60,15992,8.16,8.12,5.07
2.02,"Premium","H","SI2",59.9,55,15996,8.28,8.17,4.93
2.25,"Premium","J","SI1",61.8,61,16004,8.46,8.39,5.21
2.37,"Premium","H","SI2",62.3,57,16021,8.55,8.5,5.31
2.23,"Premium","J","VS1",61.7,58,16025,8.41,8.34,5.17
2,"Premium","H","SI2",62.8,56,16031,8.04,7.98,5.03
2.01,"Premium","E","SI2",58.7,54,16064,8.27,8.2,4.83
2,"Premium","I","VS2",58.6,62,16068,8.2,8.17,4.8
2.03,"Premium","H","SI2",61.6,58,16075,8.17,8.09,5.01
2.24,"Premium","I","SI2",62.5,59,16097,8.36,8.28,5.2
2.06,"Premium","H","SI2",60,60,16098,6.29,6.25,4.96
2.31,"Premium","J","VVS1",62.1,58,16100,8.49,8.42,5.25
2.1,"Premium","G","SI2",60.9,57.4,16112,8.17,8.27,5
2.01,"Premium","I","VS2",61.6,61,16149,8.08,7.97,4.94
2.28,"Premium","J","VS1",60.3,58,16174,8.58,8.53,5.16
2.2,"Premium","I","SI2",62.4,55,16190,8.41,8.34,5.23
2.02,"Premium","I","SI1",62.5,59,16191,8.05,8.01,5.02
3.67,"Premium","I","I1",62.4,56,16193,9.86,9.81,6.13
2.58,"Premium","H","SI2",62.6,57,16195,8.77,8.73,5.48
2.42,"Premium","J","SI2",62.3,58,16198,8.63,8.55,5.35
2.42,"Premium","J","SI2",58.5,59,16198,8.85,8.82,5.17
2.42,"Premium","J","SI2",62.4,58,16198,8.58,8.53,5.34
2.05,"Premium","H","VS2",60.7,61,16235,8.25,8.13,4.97
2.32,"Premium","F","SI2",62.5,59,16237,8.51,8.44,5.3
2.26,"Premium","I","SI2",62,58,16241,8.4,8.37,5.2
2.01,"Premium","G","SI1",62.3,61,16242,7.96,7.89,5.02
2,"Premium","G","SI2",61.8,58,16262,8.05,7.99,4.96
2.38,"Premium","J","VS2",62.6,59,16273,8.52,8.49,5.32
2.51,"Premium","J","SI2",59.3,58,16278,8.83,8.87,5.25
2.01,"Premium","H","SI1",58.2,62,16287,8.26,8.21,4.79
2.01,"Premium","H","SI2",60.5,61,16287,8.14,8.09,4.91
2.4,"Premium","J","SI1",59.7,58,16304,8.75,8.71,5.21
2.03,"Premium","I","VS2",60.5,62,16309,8.22,8.17,4.96
2.03,"Premium","I","VS2",58.5,60,16309,8.37,8.34,4.89
2.65,"Premium","G","SI2",62,61,16314,8.82,8.75,5.45
2.02,"Premium","G","SI1",62.3,61,16323,8.07,7.96,4.99
2.11,"Premium","G","SI2",62.2,60,16336,8.19,8.15,5.08
2.35,"Premium","H","SI2",62.3,58,16340,8.51,8.44,5.28
2.1,"Premium","F","SI2",62.1,59,16357,8.16,8.18,5.07
2.05,"Premium","G","SI2",60.1,59,16357,8.2,8.3,4.96
2.02,"Premium","I","SI1",60.9,60,16368,8.13,8.1,4.94
2.28,"Premium","J","VS2",62.4,58,16369,8.45,8.35,5.24
2.14,"Premium","H","VS2",61.7,58,16390,8.28,8.22,5.09
2.07,"Premium","I","SI1",62.9,59,16392,8.15,8.09,5.11
2.11,"Premium","H","VS2",60.8,61,16395,8.32,8.28,5.05
2.16,"Premium","H","SI2",59.7,60,16400,8.38,8.3,4.98
2.04,"Premium","G","SI2",61.8,56,16426,8.13,8.05,5
2.51,"Premium","J","SI2",59.3,58,16427,8.87,8.83,5.25
2.05,"Premium","H","SI2",62.5,58,16431,8.12,8.08,5.06
2.06,"Premium","G","SI2",61.8,58,16437,8.1,8.15,5.02
2.17,"Premium","D","SI2",62.2,59,16472,8.28,8.34,5.17
2.1,"Premium","H","SI2",60.4,59,16479,8.28,8.33,5.02
2.03,"Premium","I","VS2",60.5,62,16483,8.22,8.17,4.96
2,"Premium","D","SI2",60.8,60,16484,8.15,8.1,4.94
2.01,"Premium","I","SI1",61.5,60,16499,8.12,8.01,4.96
2.01,"Premium","H","SI2",61.6,58,16499,8.12,8.02,4.97
2.05,"Premium","G","SI2",60.1,59,16506,8.3,8.2,4.96
2.47,"Premium","J","SI2",59.4,59,16532,8.85,8.79,5.24
2,"Premium","I","VS2",60.7,60,16544,8.02,8.07,4.88
2.28,"Premium","J","VS2",62.9,58,16564,8.42,8.34,5.27
2.06,"Premium","G","SI2",61.8,58,16587,8.15,8.1,5.02
2.05,"Premium","I","SI1",60.6,58,16611,8.22,8.13,4.95
2.01,"Premium","I","VS2",60.5,60,16626,8.15,8.17,4.94
2.1,"Premium","H","SI2",60.4,59,16629,8.33,8.28,5.02
2.03,"Premium","E","SI1",62.9,57,16629,8.04,7.98,5.04
2.38,"Premium","H","SI1",58.2,60,16643,8.81,8.78,5.12
2.24,"Premium","H","SI2",61.4,57,16656,8.43,8.35,5.15
2.21,"Premium","F","SI2",59.6,60,16657,8.53,8.49,5.07
2.39,"Premium","H","SI1",60.6,58,16687,8.65,8.58,5.22
2,"Premium","I","VS2",60.7,60,16694,8.07,8.02,4.88
2.01,"Premium","I","VS2",61.7,60,16700,8.09,8.02,4.97
2.02,"Premium","I","VS2",59.6,60,16709,8.2,8.25,4.9
2.48,"Premium","I","SI1",61,60,16715,8.68,8.61,5.27
2.14,"Premium","H","SI2",62,60,16723,8.27,8.19,5.1
2.01,"Premium","H","SI1",60.6,62,16733,8.08,8.05,4.89
2.01,"Premium","H","SI1",60.9,59,16733,8.15,8.04,4.93
2.01,"Premium","H","SI1",61.5,53,16733,8.13,8.03,4.97
2.01,"Premium","G","SI2",59,60,16733,8.31,8.26,4.89
2.03,"Premium","H","SI1",61.7,59,16747,8.1,8.17,5.02
2.04,"Premium","I","VS2",61,61,16768,8.14,8.08,4.95
2.01,"Premium","D","SI2",62.7,58,16776,8.06,7.99,5.03
2.13,"Premium","G","SI2",60.7,60,16778,8.27,8.37,5.05
2.01,"Premium","I","VS2",62.8,58,16778,8.01,7.94,5.01
2.01,"Premium","I","VS2",62.7,58,16778,7.98,7.94,4.99
2.01,"Premium","I","VS2",59.2,62,16778,8.17,8.14,4.83
2.01,"Premium","I","VS2",62.6,59,16778,8.04,8.01,5.02
2.01,"Premium","I","VS2",61,61,16778,8.15,7.99,4.92
2.01,"Premium","I","VS2",60.5,60,16778,8.17,8.15,4.94
2.1,"Premium","E","SI2",62.9,59,16783,8.18,8.13,5.13
2.03,"Premium","I","SI1",61.2,58,16787,8.21,8.16,5.01
2.4,"Premium","F","SI2",62.6,59,16797,8.53,8.49,5.33
2.21,"Premium","F","SI1",62.1,59,16804,8.33,8.26,5.15
2.23,"Premium","G","SI2",61.4,58,16805,8.41,8.32,5.14
2.48,"Premium","I","VS2",60.1,58,16820,8.83,8.76,5.29
2.08,"Premium","G","VS2",61.3,58,16854,8.21,8.17,5.02
2.06,"Premium","F","SI2",61.7,59,16857,8.21,8.13,5.04
2.02,"Premium","I","VS2",59.6,60,16861,8.25,8.2,4.9
2.04,"Premium","D","SI2",61.8,60,16872,8.09,8.13,5.01
2.01,"Premium","F","SI2",60.3,60,16881,8.11,8.08,4.88
2.01,"Premium","F","SI2",61.3,61,16881,8.11,8.01,4.94
2.05,"Premium","I","VS2",60.8,58,16896,8.26,8.19,5
2.03,"Premium","H","SI1",61.7,59,16900,8.17,8.1,5.02
2.02,"Premium","G","SI2",61.3,56,16929,8.22,8.16,5.02
2.13,"Premium","G","SI2",60.7,60,16931,8.37,8.27,5.05
2.53,"Premium","J","SI2",62.6,57,16934,8.77,8.67,5.46
2.04,"Premium","I","SI1",62.2,57,16942,8.14,8.07,5.04
2.02,"Premium","G","SI2",60.1,59,16944,8.21,8.29,4.96
2.28,"Premium","H","SI2",61.9,61,16954,8.42,8.32,5.18
2.01,"Premium","H","SI1",58.5,58,16956,8.3,8.25,4.84
2.07,"Premium","E","SI1",61.2,58,16957,8.24,8.19,5.03
3,"Premium","I","SI2",60.7,59,16970,9.3,9.14,5.6
2.02,"Premium","H","SI1",62.1,61,16985,8.06,7.99,4.98
2.12,"Premium","H","SI2",59.1,59,16992,8.47,8.43,4.99
2.27,"Premium","J","VS1",62.4,58,16994,8.36,8.41,5.23
2.2,"Premium","H","SI2",61.1,59,16996,8.41,8.35,5.12
2.31,"Premium","I","SI2",58.8,58,17000,8.7,8.64,5.1
2.09,"Premium","H","SI2",62.1,58,17001,8.17,8.22,5.09
2.06,"Premium","G","SI2",61.7,58,17012,8.2,8.15,5.04
2.01,"Premium","G","SI2",59.9,62,17014,8.15,8.04,4.85
2.19,"Premium","H","SI1",61.6,58,17016,8.35,8.3,5.13
2.04,"Premium","I","VS2",62.5,58,17028,8.22,8.09,5.1
2.14,"Premium","I","VS2",60.7,59,17038,8.28,8.33,5.04
2.13,"Premium","F","SI2",61.5,58,17045,8.28,8.33,5.11
2.32,"Premium","J","VS2",62.4,57,17053,8.48,8.4,5.27
2.01,"Premium","G","VS2",60.6,59,17057,8.16,8.12,4.93
2.05,"Premium","E","SI2",58.6,59,17066,8.43,8.36,4.92
2.01,"Premium","I","VS1",62.9,62,17068,8.02,7.98,5.03
2.01,"Premium","H","VS2",60.1,61,17068,8.14,8.06,4.87
2.13,"Premium","H","SI2",62.3,57,17073,8.24,8.16,5.11
2.05,"Premium","E","SI2",59.7,59,17081,8.27,8.39,4.97
2.02,"Premium","G","SI2",60.1,59,17099,8.29,8.21,4.96
2.57,"Premium","E","SI2",61.3,60,17116,8.82,8.73,5.38
2.14,"Premium","D","SI2",59.8,59,17127,8.4,8.36,5.01
2,"Premium","G","SI2",60.4,61,17136,8.21,8.12,4.93
2.71,"Premium","E","SI2",60.4,59,17146,9.13,9.03,5.48
2.27,"Premium","J","VS1",62.4,58,17149,8.41,8.36,5.23
2.02,"Premium","I","VS1",61.2,59,17153,8.13,8.05,4.95
2.09,"Premium","H","SI2",62.1,58,17156,8.22,8.17,5.09
2.02,"Premium","H","SI2",61.5,58,17166,8.14,8.1,4.99
2.42,"Premium","J","VS2",61.3,59,17168,8.61,8.58,5.27
2.42,"Premium","J","VS2",61.3,59,17168,8.61,8.58,5.27
2,"Premium","F","SI1",58.8,61,17172,8.29,8.23,4.86
2.01,"Premium","E","SI2",58.9,60,17179,8.24,8.2,4.84
2.01,"Premium","E","SI2",62,61,17179,8.1,8.04,5
2.56,"Premium","J","SI1",61.4,58,17186,8.76,8.73,5.37
2.01,"Premium","H","VS2",61.6,61,17191,8.14,8.07,4.99
2.14,"Premium","I","VS2",60.7,59,17193,8.33,8.28,5.04
2.6,"Premium","J","SI2",58.3,61,17209,9.05,8.94,5.24
2.31,"Premium","I","SI2",62.9,58,17218,8.43,8.34,5.27
2.15,"Premium","H","SI2",62.8,58,17221,8.22,8.17,5.15
2.25,"Premium","H","SI1",61.5,61,17233,8.47,8.41,5.19
2.01,"Premium","D","SI2",61.8,59,17235,8.15,8.07,5.01
2.01,"Premium","H","SI1",62.3,58,17235,8.04,7.99,4.99
2.05,"Premium","E","SI2",59.7,59,17237,8.39,8.27,4.97
2.12,"Premium","I","VS2",61.5,58,17254,8.3,8.26,5.09
2.08,"Premium","H","VS2",62,58,17258,8.19,8.1,5.05
2.42,"Premium","I","VS1",59.8,59,17262,8.8,8.78,5.26
2.02,"Premium","H","SI1",62.1,61,17265,8.06,7.99,4.98
2.2,"Premium","H","SI1",61.2,59,17265,8.42,8.37,0
2,"Premium","I","VS1",61.1,58,17278,8.08,8.11,4.95
2.05,"Premium","E","SI2",62.5,56,17294,8.17,8.08,5.08
2.35,"Premium","I","SI2",59.9,58,17294,8.68,8.61,5.18
2.35,"Premium","I","SI2",61.1,58,17294,8.63,8.56,5.25
2.16,"Premium","I","SI1",62.9,55,17313,8.28,8.2,5.18
2.01,"Premium","G","SI1",62.5,58,17334,7.98,8.08,5.02
2.01,"Premium","H","SI1",61.8,58,17347,8.13,8.06,5
2.04,"Premium","E","SI2",58.3,58,17379,8.35,8.31,4.86
2.03,"Premium","G","SI2",60.1,60,17393,8.27,8.2,4.95
2.01,"Premium","G","SI2",60.1,60,17403,8.25,8.18,4.94
2.14,"Premium","I","VS2",62.3,58,17416,8.22,8.16,5.1
2.01,"Premium","I","VS2",61.1,60,17433,8.06,8.12,4.94
2,"Premium","I","VS1",61.1,58,17436,8.11,8.08,4.95
2.31,"Premium","J","VS1",62.3,61,17451,8.55,8.43,5.29
2.51,"Premium","J","SI1",59.6,60,17452,8.84,8.79,5.25
2.01,"Premium","H","SI1",59.6,59,17458,8.27,8.19,4.9
2.18,"Premium","H","SI2",59.1,60,17473,8.49,8.45,5.01
2.01,"Premium","I","SI1",60.2,59,17474,8.18,8.12,4.91
2.02,"Premium","H","SI1",61.1,60,17489,8.19,8.11,4.98
2.14,"Premium","G","SI2",60.4,59,17513,8.32,8.38,5.04
2.05,"Premium","H","SI1",60.2,58,17521,8.25,8.22,4.96
2.52,"Premium","H","SI2",62.4,57,17522,8.72,8.66,5.43
2.21,"Premium","G","SI2",62.4,60,17525,8.34,8.29,5.19
2.29,"Premium","H","VS2",61.6,60,17539,8.45,8.43,5.2
2.19,"Premium","H","SI2",61.7,58,17554,8.38,8.28,5.14
2,"Premium","I","VS2",62.5,57,17574,8.01,7.92,4.98
2.02,"Premium","G","SI1",61.8,58,17579,8.16,8.1,4.94
2.53,"Premium","H","SI2",59.6,59,17591,8.9,8.82,5.29
2.01,"Premium","I","VS2",61.1,60,17592,8.12,8.06,4.94
2.1,"Premium","J","VVS1",61.3,58,17606,8.29,8.24,5.07
2.48,"Premium","I","SI2",63,62,17607,8.62,8.58,5.42
2.08,"Premium","H","SI1",62.6,59,17617,8.1,8.13,5.08
2.2,"Premium","H","SI2",62.7,58,17634,8.33,8.27,5.2
2.05,"Premium","I","VS1",60.6,60,17640,8.21,8.18,4.97
2.39,"Premium","I","VS1",61.2,60,17642,8.63,8.6,5.27
2.06,"Premium","G","SI2",62.7,58,17650,8.12,8.09,5.08
2.29,"Premium","H","SI2",62.5,58,17666,8.43,8.37,5.25
2.28,"Premium","I","SI1",61.6,58,17673,8.43,8.46,5.2
2.14,"Premium","G","SI2",60.4,59,17673,8.38,8.32,5.04
2,"Premium","D","SI2",61.6,59,17674,8.09,8.2,5.02
2.01,"Premium","H","SI1",62.7,59,17688,8.03,8.08,5.05
2.02,"Premium","G","SI1",62.8,60,17692,8.02,7.96,5.02
2.21,"Premium","I","SI1",61.1,59,17714,8.42,8.37,5.13
2,"Premium","I","VS2",61.8,56,17716,8.11,8.04,4.99
2.14,"Premium","F","SI2",58.2,61,17742,8.5,8.45,4.93
2.01,"Premium","F","SI2",61.3,61,17746,8.02,7.96,4.9
2,"Premium","E","SI2",62.2,56,17760,8.14,8.06,5.04
2,"Premium","H","SI1",62.6,56,17760,8.01,7.96,5
2.05,"Premium","D","SI1",60.4,58,17776,8.26,8.16,4.96
2.08,"Premium","H","SI1",62.6,59,17778,8.13,8.1,5.08
2.03,"Premium","F","SI1",61.3,59,17803,8.15,8.22,5.02
2.09,"Premium","H","SI2",60.6,59,17805,8.27,8.22,5
2.11,"Premium","G","SI1",61.6,59,17816,8.24,8.19,5.06
2.02,"Premium","E","SI2",59.8,58,17825,8.2,8.16,4.89
2.01,"Premium","I","VS2",60.3,58,17826,8.22,8.16,4.94
2,"Premium","D","SI2",61.6,59,17835,8.2,8.09,5.02
2.09,"Premium","F","SI2",61.7,59,17840,8.21,8.23,5.07
2.18,"Premium","G","SI2",61.9,60,17841,8.24,8.29,5.12
2.01,"Premium","H","SI1",62.7,59,17849,8.08,8.03,5.05
2.01,"Premium","H","SI1",61.1,60,17849,8.15,8.11,4.97
2.01,"Premium","H","SI1",61.3,59,17849,8.16,8.08,4.98
2.16,"Premium","J","VVS1",61.5,58,17891,8.36,8.26,5.11
2.28,"Premium","H","SI2",62.1,59,17892,8.4,8.44,5.23
2.02,"Premium","I","VS2",59,59,17893,8.34,8.27,4.9
2.2,"Premium","I","VS2",58.9,60,17905,8.63,8.52,5.05
2.57,"Premium","D","SI2",58.9,58,17924,8.99,8.94,5.28
2.16,"Premium","I","SI1",58.5,60,17934,8.54,8.49,4.98
2.02,"Premium","E","SI2",58.2,60,17938,8.32,8.25,4.82
2.03,"Premium","H","VS2",62.6,59,17975,8.06,8.1,5.06
2.01,"Premium","G","VS2",61.4,58,17987,8.11,7.99,4.94
2.05,"Premium","G","SI2",58.7,60,17988,8.4,8.32,4.91
2.35,"Premium","H","SI1",62.6,60,17999,8.42,8.38,5.26
2.09,"Premium","F","SI2",61.7,59,18002,8.23,8.21,5.07
2.18,"Premium","G","SI2",61.9,60,18003,8.29,8.24,5.12
2.25,"Premium","D","SI2",60.4,59,18007,8.54,8.48,5.13
2.51,"Premium","J","VS2",62.2,58,18020,8.73,8.67,5.41
2.32,"Premium","I","SI1",61.2,58,18026,8.57,8.52,5.23
2.11,"Premium","E","SI2",62.4,61,18034,8.19,8.1,5.08
2.25,"Premium","I","SI1",60.1,60,18034,8.55,8.51,5.13
2.25,"Premium","H","SI2",62.8,59,18034,0,0,0
2.28,"Premium","H","SI2",62.1,59,18055,8.44,8.4,5.23
2.04,"Premium","F","SI2",60.2,58,18066,8.17,8.24,4.94
2.01,"Premium","G","SI1",61.8,60,18077,7.99,8.04,4.95
2.04,"Premium","H","VS1",60.7,61,18104,8.18,8.1,4.94
2.04,"Premium","H","SI1",62.5,61,18115,8.08,8.04,5.04
2.04,"Premium","H","SI1",63,58,18115,8.1,8.03,5.08
2.02,"Premium","E","SI2",61,59,18117,8.18,8.12,4.97
2.12,"Premium","E","SI2",58.3,59,18120,8.48,8.41,4.92
2.03,"Premium","H","VS2",62.6,59,18139,8.1,8.06,5.06
2.03,"Premium","H","VS2",62.1,56,18139,8.2,8.12,5.07
2.23,"Premium","I","VS2",61.2,58,18149,8.43,8.36,5.14
2.12,"Premium","G","SI2",62.6,59,18164,8.18,8.12,5.1
2.03,"Premium","G","VS2",60.9,59,18166,8.17,8.14,4.97
2.52,"Premium","F","SI2",60.6,60,18179,8.78,8.7,5.3
2.01,"Premium","H","SI1",61.7,60,18188,8.06,7.96,4.94
2.07,"Premium","I","VS2",61.2,58,18193,8.18,8.2,5.01
2.2,"Premium","G","SI1",60.5,55,18193,8.49,8.42,5.11
2.01,"Premium","I","VS1",62.9,59,18206,8.03,7.94,5.02
2.02,"Premium","H","VS2",60.8,62,18207,8.17,8.12,4.95
2.02,"Premium","H","VS2",62.7,53,18207,8.02,7.95,0
2.04,"Premium","F","SI2",60.2,58,18231,8.24,8.17,4.94
2.19,"Premium","E","SI2",62.4,61,18232,8.31,8.23,5.16
2.3,"Premium","I","VS2",61.8,60,18239,8.47,8.39,5.21
3.01,"Premium","I","SI2",60.2,59,18242,9.36,9.31,5.62
2.52,"Premium","I","SI1",58.5,59,18252,8.9,8.87,5.2
2.53,"Premium","H","SI1",62.1,59,18254,8.83,8.73,5.45
2.51,"Premium","I","SI2",62.3,57,18255,8.76,8.69,5.44
2.02,"Premium","F","SI2",61.3,59,18274,8.15,8.11,4.98
2.03,"Premium","D","SI2",62.4,59,18286,8.04,7.98,5
2.14,"Premium","E","SI2",61.5,58,18291,8.31,8.24,5.09
2.01,"Premium","H","SI1",61.4,56,18295,8.19,8.13,5.01
2.03,"Premium","E","SI2",61.5,59,18310,8.16,8.24,5.04
2.05,"Premium","H","VS2",61.8,60,18318,8.19,8.14,5.05
2.02,"Premium","F","SI2",61.7,58,18320,8.11,8.15,5.02
2.49,"Premium","I","SI2",61.2,56,18325,8.76,8.7,5.34
2.07,"Premium","I","VS2",61.2,58,18359,8.2,8.18,5.01
2.2,"Premium","I","VS2",62,57,18364,8.38,8.34,5.18
2,"Premium","H","SI1",63,56,18371,7.98,7.93,5.01
2,"Premium","H","SI1",58.2,60,18371,8.34,8.26,4.83
2.03,"Premium","G","SI1",61.3,59,18423,8.11,8.08,4.96
2.26,"Premium","H","SI1",60.3,58,18426,8.56,8.51,5.15
2.29,"Premium","J","IF",61.4,60,18426,8.45,8.49,5.2
2,"Premium","E","SI2",61.8,56,18426,8.12,8.05,5
2.22,"Premium","I","SI1",59.9,59,18432,8.46,8.41,5.05
2.06,"Premium","G","SI1",61.5,58,18439,8.2,8.15,5.03
2.09,"Premium","H","VS2",62.2,58,18443,8.17,8.12,5.06
2.5,"Premium","I","SI2",59,60,18447,8.76,8.89,5.21
2.08,"Premium","I","VS2",58.9,61,18447,8.36,8.35,4.92
2.03,"Premium","E","SI2",61.5,59,18477,8.24,8.16,5.04
2.16,"Premium","I","VS2",58.7,60,18481,8.54,8.5,5
2.57,"Premium","J","SI1",63,58,18485,8.77,8.65,5.49
2.02,"Premium","F","SI2",61.7,58,18487,8.15,8.11,5.02
2,"Premium","F","SI1",62.6,59,18493,8.1,8.04,5.05
2.38,"Premium","H","VS1",60.9,59,18522,8.62,8.59,5.24
3.04,"Premium","I","SI2",59.3,60,18559,9.51,9.46,5.62
2.38,"Premium","J","VS2",62.1,58,18559,8.54,8.49,5.29
2.09,"Premium","H","SI1",61.1,56,18559,8.3,8.23,5.05
2.11,"Premium","D","SI2",60.9,60,18575,8.28,8.21,5.02
2.29,"Premium","J","IF",61.4,60,18594,8.49,8.45,5.2
2.07,"Premium","F","SI2",60.7,59,18611,8.21,8.16,4.97
2.42,"Premium","J","VS2",61.3,59,18615,8.61,8.58,5.27
2.29,"Premium","I","VS2",60.8,60,18653,8.47,8.5,5.16
2.12,"Premium","H","SI1",61.1,60,18656,8.18,8.26,5.02
2.02,"Premium","F","SI2",62.1,56,18678,8.07,7.99,4.99
2.03,"Premium","G","VS2",59.6,60,18680,8.27,8.21,4.91
2.43,"Premium","J","VS2",62.2,57,18692,8.63,8.54,5.34
3.51,"Premium","J","VS2",62.5,59,18701,9.66,9.63,6.03
2.01,"Premium","G","SI2",61.2,57.2,18705,8.08,8.14,4.97
2.22,"Premium","J","VS1",60,60,18706,8.49,8.43,5.08
3.01,"Premium","J","SI2",60.7,59,18710,9.35,9.22,5.64
3.01,"Premium","J","SI2",59.7,58,18710,9.41,9.32,5.59
2.18,"Premium","F","SI1",61.2,60,18717,8.38,8.3,5.1
2.01,"Premium","G","SI1",60.3,59,18741,8.23,8.15,4.94
2.36,"Premium","H","SI2",59.4,58,18745,8.69,8.75,5.18
2.55,"Premium","I","VS1",61.8,62,18766,8.7,8.65,5.36
2.05,"Premium","F","SI2",60.2,59,18784,8.28,8.33,5
2.04,"Premium","H","SI1",58.1,60,18795,8.37,8.28,4.84
2,"Premium","I","VS1",60.8,59,18795,8.13,8.02,4.91
2.29,"Premium","I","SI1",61.8,59,18797,8.52,8.45,5.24
2.29,"Premium","I","VS2",60.8,60,18823,8.5,8.47,5.16
